{"nodes":{"node:1":{"location":{"x":-2662,"y":-221}},"node:10":{"location":{"x":-2303,"y":-238}},"node:10000":{"location":{"x":-2759,"y":-185}},"node:10003":{"location":{"x":-2586,"y":-111}},"node:10006":{"location":{"x":-2662,"y":-317}},"node:10008":{"location":{"x":-2569,"y":-420}},"node:4":{"location":{"x":-2525,"y":-207}},"node:7":{"location":{"x":-2461,"y":-303}}},"selection":null,"view":{"scroll":{"x":-2910.29541015625,"y":-490.89361572265625},"visible_rect":{"max":{"x":-2057.29541015625,"y":-130.89361572265625},"min":{"x":-2910.29541015625,"y":-490.89361572265625}},"zoom":1}}