{"nodes":{"node:1":{"location":{"x":-1057,"y":-255}},"node:10000":{"location":{"x":-1226,"y":-223}}},"selection":null,"view":{"scroll":{"x":-1716.092041015625,"y":-463.960845947265625},"visible_rect":{"max":{"x":-690.4736328125,"y":-83.1686782836914062},"min":{"x":-1372.8736572265625,"y":-371.168670654296875}},"zoom":1.25}}