{"nodes":{"node:1":{"location":{"x":-25607,"y":-12642}},"node:10":{"location":{"x":-25984,"y":-12642}},"node:13":{"location":{"x":-25848,"y":-12642}},"node:16":{"location":{"x":-26271,"y":-12642}},"node:18":{"location":{"x":-26240,"y":-12290}},"node:20":{"location":{"x":-26004,"y":-12290}},"node:23":{"location":{"x":-25785,"y":-12290}},"node:26":{"location":{"x":-25547,"y":-12360}},"node:4":{"location":{"x":-25732,"y":-12642}},"node:7":{"location":{"x":-26128,"y":-12642}}},"selection":null,"view":{"scroll":{"x":-19715.8671875,"y":-9406.5},"visible_rect":{"max":{"x":-24751.82421875,"y":-11822},"min":{"x":-26287.82421875,"y":-12542}},"zoom":0.75}}