{"nodes":{"node:1":{"location":{"x":1136,"y":-450}},"node:12":{"location":{"x":1408,"y":-706}},"node:16":{"location":{"x":1073,"y":-105}},"node:19":{"location":{"x":0,"y":0}},"node:22":{"location":{"x":593,"y":46}},"node:24":{"location":{"x":354,"y":-530}},"node:26":{"location":{"x":56,"y":-226}},"node:4":{"location":{"x":1236,"y":-39}},"node:7":{"location":{"x":1574,"y":-173}}},"selection":null,"view":{"scroll":{"x":-52.3636360168457031,"y":-517.52642822265625},"visible_rect":{"max":{"x":2048.550048828125,"y":582.11767578125},"min":{"x":-97.5500030517578125,"y":-964.11761474609375}},"zoom":0.536787629127502441}}