{"nodes":null,"selection":null,"view":{"scroll":{"x":-38628.3359375,"y":-18228.056640625},"visible_rect":{"max":{"x":-37764.69140625,"y":-17398.220703125},"min":{"x":-38628.69921875,"y":-18228.228515625}},"zoom":0.999990582466125488}}