{"nodes":{"node:1":{"location":{"x":-665,"y":569}},"node:11":{"location":{"x":-885,"y":626}},"node:13":{"location":{"x":-728,"y":472}},"node:5":{"location":{"x":-413,"y":548}},"node:8":{"location":{"x":-640,"y":814}}},"selection":["node:13"],"view":{"scroll":{"x":-1223.52490234375,"y":360.95989990234375},"visible_rect":{"max":{"x":-55.9218711853027344,"y":704.4171142578125},"min":{"x":-956.6151123046875,"y":282.217132568359375}},"zoom":1.27901482582092285}}