{"nodes":{"node:1":{"location":{"x":-1,"y":-15}},"node:4":{"location":{"x":94,"y":1}},"node:7":{"location":{"x":-170,"y":-47}}},"selection":null,"view":{"scroll":{"x":-251.651138305664062,"y":-183.1593017578125},"visible_rect":{"max":{"x":400.899261474609375,"y":117.893798828125},"min":{"x":-167.767425537109375,"y":-122.106201171875}},"zoom":1.5}}