{"nodes":null,"selection":null,"view":{"scroll":{"x":-5308.2724609375,"y":-4451.166015625},"visible_rect":{"max":{"x":-7628.951171875,"y":-6216.0224609375},"min":{"x":-9112.076171875,"y":-7640.7841796875}},"zoom":0.582553565502166748}}