{"nodes":{"node:1":{"location":{"x":-448,"y":-275}},"node:12":{"location":{"x":-1013,"y":270}},"node:15":{"location":{"x":-1008,"y":-482}},"node:18":{"location":{"x":-798,"y":14}},"node:21":{"location":{"x":-640,"y":302}},"node:24":{"location":{"x":-736,"y":-498}},"node:27":{"location":{"x":-32,"y":-146}},"node:31":{"location":{"x":-1338,"y":158}},"node:33":{"location":{"x":-1307,"y":-162}},"node:35":{"location":{"x":-1347,"y":-482}},"node:37":{"location":{"x":-404,"y":152}},"node:40":{"location":{"x":-816,"y":318}},"node:43":{"location":{"x":-1167,"y":638}},"node:45":{"location":{"x":-5,"y":209}},"node:6":{"location":{"x":-992,"y":-290}},"node:9":{"location":{"x":-1024,"y":-18}}},"selection":null,"view":{"scroll":{"x":-634.0286865234375,"y":-152.095703125},"visible_rect":{"max":{"x":739.90765380859375,"y":968.36749267578125},"min":{"x":-905.6923828125,"y":-217.264495849609375}},"zoom":0.700048565864562988}}