{"nodes":{"node:1":{"location":{"x":-4665,"y":1910}},"node:13":{"location":{"x":-4811,"y":1742}},"node:25":{"location":{"x":-4384,"y":1806}},"node:37":{"location":{"x":-4939,"y":2014}},"node:49":{"location":{"x":-4102,"y":1950}}},"selection":["node:49"],"view":{"scroll":{"x":-4186.0576171875,"y":1152.66064453125},"visible_rect":{"max":{"x":-3334.49658203125,"y":2538.98388671875},"min":{"x":-4967.298828125,"y":1367.7808837890625}},"zoom":0.842723190784454346}}