{"nodes":{"node:1":{"location":{"x":2889,"y":-45}},"node:25":{"location":{"x":2076,"y":379}},"node:49":{"location":{"x":1172,"y":-484}},"node:73":{"location":{"x":1204,"y":252}}},"selection":null,"view":{"scroll":{"x":1114.124755859375,"y":-353.54571533203125},"visible_rect":{"max":{"x":3825.99560546875,"y":1097.9801025390625},"min":{"x":1351.0198974609375,"y":-428.71978759765625}},"zoom":0.824654519557952881}}