{"nodes":{"node:1":{"location":{"x":10881,"y":4076}}},"selection":null,"view":{"scroll":{"x":22598.865234375,"y":8595.99609375},"visible_rect":{"max":{"x":11611.9267578125,"y":4543.00048828125},"min":{"x":10650.0732421875,"y":4050.999267578125}},"zoom":2.12194466590881348}}