{"nodes":{"node:1":{"location":{"x":1774,"y":220}},"node:25":{"location":{"x":2425,"y":220}},"node:49":{"location":{"x":1156,"y":220}}},"selection":null,"view":{"scroll":{"x":393.072998046875,"y":-349.26959228515625},"visible_rect":{"max":{"x":4243.67236328125,"y":1586.0648193359375},"min":{"x":685.3011474609375,"y":-608.93231201171875}},"zoom":0.573577046394348145}}