{"nodes":{"node:1":{"location":{"x":-41,"y":862}},"node:25":{"location":{"x":-145,"y":585}}},"selection":null,"view":{"scroll":{"x":-588.5748291015625,"y":246.877166748046875},"visible_rect":{"max":{"x":1161.940185546875,"y":1155.9017333984375},"min":{"x":-470.85986328125,"y":197.501739501953125}},"zoom":1.25}}