{"nodes":{"node:1":{"location":{"x":-8888,"y":4894}},"node:10":{"location":{"x":-8724,"y":4862}},"node:14":{"location":{"x":-8992,"y":4894}},"node:17":{"location":{"x":-9278,"y":4846}},"node:19":{"location":{"x":-9399,"y":5180}},"node:21":{"location":{"x":-8710,"y":5122}},"node:24":{"location":{"x":-9307,"y":5086}},"node:27":{"location":{"x":-9567,"y":5150}},"node:29":{"location":{"x":-9465,"y":4827}},"node:4":{"location":{"x":-9072,"y":4702}},"node:7":{"location":{"x":-8960,"y":5134}}},"selection":null,"view":{"scroll":{"x":-7879.69384765625,"y":3790.3642578125},"visible_rect":{"max":{"x":-8271.3388671875,"y":5323.95068359375},"min":{"x":-9687.6611328125,"y":4660.0498046875}},"zoom":0.813374221324920654}}