{"nodes":{"node:1":{"location":{"x":-873,"y":3086}},"node:6":{"location":{"x":-1084,"y":3226}}},"selection":["node:1"],"view":{"scroll":{"x":-3307.1689453125,"y":9204.833984375},"visible_rect":{"max":{"x":-718.4766845703125,"y":3345.35009765625},"min":{"x":-1102.523193359375,"y":3068.64990234375}},"zoom":2.99963641166687012}}