{"nodes":{"node:1":{"location":{"x":2398,"y":108}},"node:121":{"location":{"x":1561,"y":108}},"node:145":{"location":{"x":1561,"y":108}},"node:25":{"location":{"x":1561,"y":108}},"node:49":{"location":{"x":628,"y":28}},"node:73":{"location":{"x":1561,"y":108}},"node:97":{"location":{"x":1561,"y":108}}},"selection":["node:1"],"view":{"scroll":{"x":612.87591552734375,"y":-219.712051391601562},"visible_rect":{"max":{"x":2765.007568359375,"y":1066.7115478515625},"min":{"x":852.04229736328125,"y":-305.45166015625}},"zoom":0.719302177429199219}}