{"nodes":{"node:1":{"location":{"x":9680,"y":4820}},"node:121":{"location":{"x":7308,"y":4184}},"node:25":{"location":{"x":10480,"y":5218}},"node:49":{"location":{"x":8124,"y":4129}},"node:73":{"location":{"x":8611,"y":5616}},"node:97":{"location":{"x":7732,"y":4904}}},"selection":null,"view":{"scroll":{"x":3599.946044921875,"y":1944.236083984375},"visible_rect":{"max":{"x":11163.599609375,"y":6339.29931640625},"min":{"x":7124.39990234375,"y":3847.700927734375}},"zoom":0.505298137664794922}}